{"name":"54baa704-ad2d-4cdd-a393-62f922b58717","id":"/providers/Microsoft.Flow/flows/54baa704-ad2d-4cdd-a393-62f922b58717","type":"Microsoft.Flow/flows","properties":{"apiId":"/providers/Microsoft.PowerApps/apis/shared_logicflows","displayName":"Export Outlook E-mail to OneDrive","definition":{"metadata":{"workflowEntityId":null,"processAdvisorMetadata":null,"flowclientsuspensionreason":"None","flowclientsuspensiontime":null,"flowclientsuspensionreasondetails":null,"creator":{"id":"79bdca71-01e0-40a8-a768-875feaf56914","type":"User","tenantId":"457d5685-0467-4d05-b23b-8f817adda47c"},"provisioningMethod":"FromDefinition","failureAlertSubscription":true,"clientLastModifiedTime":"2022-12-19T07:52:03.8176272Z"},"$schema":"https://schema.management.azure.com/providers/Microsoft.Logic/schemas/2016-06-01/workflowdefinition.json#","contentVersion":"1.0.0.0","parameters":{"$connections":{"defaultValue":{},"type":"Object"},"$authentication":{"defaultValue":{},"type":"SecureObject"}},"triggers":{"When_a_new_email_arrives_(V3)":{"splitOn":"@triggerOutputs()?['body/value']","metadata":{"operationMetadataId":"41645364-b942-492d-bce0-aef1b4338fe7"},"type":"OpenApiConnectionNotification","inputs":{"host":{"apiId":"/providers/Microsoft.PowerApps/apis/shared_office365","connectionName":"shared_office365","operationId":"OnNewEmailV3"},"parameters":{"folderPath":"Inbox","includeAttachments":false,"importance":"Any","fetchOnlyWithAttachment":false},"authentication":"@parameters('$authentication')"}}},"actions":{"Export_email_(V2)":{"runAfter":{},"metadata":{"operationMetadataId":"07304bff-cbbc-4852-bbf1-dd8cf7c68e89"},"type":"OpenApiConnection","inputs":{"host":{"apiId":"/providers/Microsoft.PowerApps/apis/shared_office365","connectionName":"shared_office365","operationId":"ExportEmail_V2"},"parameters":{"messageId":"@triggerOutputs()?['body/id']"},"authentication":"@parameters('$authentication')"}},"Apply_to_each":{"foreach":"@triggerOutputs()?['body/attachments']","actions":{"Create_file":{"runAfter":{},"metadata":{"operationMetadataId":"a599bc44-83a8-4228-a2e9-ef2f3a0f31bc"},"type":"OpenApiConnection","inputs":{"host":{"apiId":"/providers/Microsoft.PowerApps/apis/shared_onedriveforbusiness","connectionName":"shared_onedriveforbusiness","operationId":"CreateFile"},"parameters":{"folderPath":"/Outlook_Task","name":"@concat(triggerOutputs()?['body/subject'],triggerOutputs()?['body/id'],'.eml')","body":"@{body('Export_email_(V2)')}@{items('Apply_to_each')?['contentBytes']}"},"authentication":"@parameters('$authentication')"},"runtimeConfiguration":{"contentTransfer":{"transferMode":"Chunked"}}}},"runAfter":{"Export_email_(V2)":["Succeeded"]},"metadata":{"operationMetadataId":"b91173c8-7da6-4a9b-ad41-7b692e0de628"},"type":"Foreach"}},"outputs":{},"description":"Power Automate, formerly Microsoft Flow, is an online tool within the Microsoft 365 applications and add-ins, used for the creation of automated workflows between apps and services to synchronize files, get notifications, and collect data."},"connectionReferences":{"shared_office365":{"connectionName":"shared-office365-0f64a8b0-1f9a-44fc-bfee-2a73b5cc7fee","source":"Embedded","id":"/providers/Microsoft.PowerApps/apis/shared_office365","tier":"NotSpecified"},"shared_onedriveforbusiness":{"connectionName":"shared-onedriveforbu-9722313a-e9fa-485b-87c3-625e2ae57f59","source":"Embedded","id":"/providers/Microsoft.PowerApps/apis/shared_onedriveforbusiness","tier":"NotSpecified"}},"flowFailureAlertSubscribed":false,"isManaged":false}}